draw_code,draw_date,numbers,bonus
20261007,2026-10-07,10 14 36 37 41 43,
20261004,2026-10-04,15 20 29 37 40 45,
20261002,2026-10-02,1 6 20 27 31 41,
20260930,2026-09-30,2 9 24 27 30 33,
20260927,2026-09-27,2 4 13 25 31 39,
20260925,2026-09-25,3 15 18 28 33 36,
20260923,2026-09-23,2 6 12 15 25 26,
20260920,2026-09-20,10 15 16 27 33 38,
20260918,2026-09-18,7 12 26 27 41 43,
20260916,2026-09-16,1 3 10 11 18 23,
20260913,2026-09-13,4 12 31 34 38 41,
20260911,2026-09-11,14 18 20 21 26 27,
20260909,2026-09-09,12 17 20 21 36 43,
20260906,2026-09-06,9 14 22 26 27 40,
20260904,2026-09-04,16 21 23 29 34 45,
20260902,2026-09-02,6 9 27 29 35 44,
20260830,2026-08-30,1 3 12 15 37 45,
20260828,2026-08-28,3 13 15 22 36 39,
20260826,2026-08-26,3 10 11 16 33 40,
20260823,2026-08-23,4 16 17 22 32 39,
20260821,2026-08-21,7 26 31 38 43 45,
20260819,2026-08-19,6 15 18 33 40 43,
20260816,2026-08-16,6 7 15 19 36 41,
20260814,2026-08-14,7 9 13 31 35 44,
20260812,2026-08-12,15 17 22 29 33 40,
20260809,2026-08-09,3 17 20 27 31 35,
20260807,2026-08-07,2 8 19 30 36 43,
20260805,2026-08-05,2 6 11 16 28 39,
20260802,2026-08-02,3 12 20 25 27 37,
20260731,2026-07-31,6 16 24 25 38 43,
20260729,2026-07-29,2 6 21 31 36 45,
20260726,2026-07-26,13 16 27 33 41 44,
20260724,2026-07-24,12 16 36 38 41 45,
20260722,2026-07-22,3 32 33 34 39 43,
20260719,2026-07-19,12 22 24 26 31 37,
20260717,2026-07-17,9 18 30 31 39 45,
20260715,2026-07-15,7 11 29 37 43 45,
20260712,2026-07-12,6 9 11 17 35 44,
20260710,2026-07-10,9 17 23 26 42 44,
20260708,2026-07-08,13 14 22 26 37 44,
20260705,2026-07-05,1 5 13 29 32 35,
20260703,2026-07-03,6 20 21 28 30 39,
20260701,2026-07-01,20 24 25 29 40 44,
20260628,2026-06-28,2 11 18 33 42 45,
20260626,2026-06-26,9 14 31 36 41 45,
20260624,2026-06-24,3 11 17 19 30 32,
20260621,2026-06-21,3 8 19 27 41 45,
20260619,2026-06-19,6 9 19 29 30 36,
20260617,2026-06-17,5 6 16 28 35 39,
20260614,2026-06-14,7 16 20 22 24 38,
20260612,2026-06-12,5 15 30 34 37 38,
20260610,2026-06-10,3 9 17 22 27 32,
20260607,2026-06-07,14 21 26 30 34 35,
20260605,2026-06-05,13 16 19 32 36 39,
20260603,2026-06-03,3 11 26 33 36 38,
20260531,2026-05-31,1 12 16 21 24 41,
20260529,2026-05-29,13 14 24 28 30 42,
20260527,2026-05-27,2 13 17 18 31 37,
20260524,2026-05-24,4 8 9 14 25 42,
20260522,2026-05-22,2 3 14 28 41 44,
20260520,2026-05-20,16 28 29 37 40 45,
20260517,2026-05-17,4 8 13 15 27 31,
20260515,2026-05-15,6 14 20 22 23 44,
20260513,2026-05-13,8 10 15 32 35 43,
20260510,2026-05-10,3 4 10 11 27 42,
20260508,2026-05-08,4 16 17 26 34 42,
20260506,2026-05-06,9 12 28 36 37 40,
20260503,2026-05-03,7 9 14 24 38 39,
20260501,2026-05-01,4 21 25 31 41 43,
20260429,2026-04-29,4 14 15 16 17 25,
20260426,2026-04-26,12 18 22 25 31 41,
20260424,2026-04-24,20 29 33 36 41 42,
20260422,2026-04-22,2 6 15 16 17 37,
20260419,2026-04-19,7 10 15 27 33 35,
20260417,2026-04-17,1 10 19 31 36 38,
20260415,2026-04-15,21 22 33 35 36 43,
20260412,2026-04-12,1 10 11 32 39 42,
20260410,2026-04-10,7 8 10 16 28 35,
20260408,2026-04-08,5 8 23 26 38 41,
20260405,2026-04-05,2 9 23 30 32 42,
20260403,2026-04-03,2 4 23 24 35 41,
20260401,2026-04-01,6 30 34 36 37 44,
20260329,2026-03-29,5 8 18 30 37 45,
20260327,2026-03-27,5 7 13 19 38 45,
20260325,2026-03-25,16 22 24 29 35 36,
20260322,2026-03-22,5 10 22 26 31 36,
20260320,2026-03-20,8 11 22 23 38 43,
20260318,2026-03-18,14 20 33 35 36 44,
20260315,2026-03-15,4 7 11 26 42 44,
20260313,2026-03-13,11 12 20 22 31 33,
20260311,2026-03-11,16 18 19 28 31 44,
20260308,2026-03-08,6 12 13 25 31 32,
20260306,2026-03-06,2 10 12 21 32 37,
20260304,2026-03-04,1 4 6 9 13 44,
20260301,2026-03-01,16 22 23 35 44 45,
20260227,2026-02-27,2 4 8 15 17 28,
20260225,2026-02-25,4 13 20 22 23 29,
20260222,2026-02-22,7 23 24 36 38 40,
20260220,2026-02-20,4 25 28 33 34 45,
20260218,2026-02-18,1 7 19 23 26 44,
20260215,2026-02-15,4 6 7 20 28 43,
20260213,2026-02-13,8 12 31 36 42 43,
20260211,2026-02-11,15 20 35 40 44 45,
20260208,2026-02-08,6 13 16 20 23 38,
20260206,2026-02-06,2 7 13 17 42 45,
20260204,2026-02-04,2 12 14 17 39 43,
20260201,2026-02-01,1 18 21 23 30 36,
20260130,2026-01-30,16 17 30 41 42 45,
20260128,2026-01-28,4 10 16 19 27 40,
20260125,2026-01-25,2 19 20 24 33 34,
20260123,2026-01-23,9 15 16 20 22 31,
20260121,2026-01-21,1 18 23 24 29 37,
20260118,2026-01-18,2 5 15 26 39 42,
20260116,2026-01-16,2 10 21 31 34 40,
20260114,2026-01-14,1 22 23 28 39 45,
20260111,2026-01-11,8 10 21 25 31 38,
20260109,2026-01-09,8 9 17 21 36 45,
20260107,2026-01-07,1 5 7 28 31 43,
20260104,2026-01-04,2 12 21 29 35 44,
20260102,2026-01-02,7 18 22 32 37 38,
20251231,2025-12-31,1 25 35 36 37 45,
20251228,2025-12-28,1 2 7 16 31 37,
20251226,2025-12-26,4 6 16 25 27 40,
20251224,2025-12-24,15 19 31 35 43 45,
20251221,2025-12-21,6 9 12 18 29 43,
20251219,2025-12-19,1 21 36 42 43 44,
20251217,2025-12-17,5 14 24 38 41 43,
20251214,2025-12-14,8 11 13 16 28 32,
20251212,2025-12-12,3 7 13 17 38 44,
20251210,2025-12-10,7 18 22 29 30 36,
20251207,2025-12-07,1 5 23 28 29 43,
20251205,2025-12-05,2 19 23 37 42 43,
20251203,2025-12-03,8 15 20 23 31 34,
20251130,2025-11-30,7 13 26 30 34 42,
20251128,2025-11-28,2 9 17 23 39 41,
20251126,2025-11-26,2 8 15 19 30 38,
20251123,2025-11-23,4 12 19 42 43 44,
20251121,2025-11-21,8 11 18 25 28 35,
20251119,2025-11-19,9 12 19 30 40 43,
20251116,2025-11-16,15 20 31 33 34 45,
20251114,2025-11-14,3 10 15 27 41 42,
20251112,2025-11-12,16 24 29 37 40 44,
20251109,2025-11-09,13 23 27 30 37 43,
20251107,2025-11-07,3 4 20 28 39 42,
20251105,2025-11-05,2 9 18 25 30 31,
20251102,2025-11-02,3 7 12 20 30 44,
20251031,2025-10-31,3 10 31 34 36 43,
20251029,2025-10-29,7 26 35 39 41 42,
20251026,2025-10-26,18 30 34 42 43 45,
20251024,2025-10-24,2 11 24 31 32 38,
20251022,2025-10-22,5 11 12 24 28 44,
20251019,2025-10-19,16 17 25 26 28 37,
20251017,2025-10-17,15 17 18 26 31 42,
20251015,2025-10-15,1 6 18 20 29 40,
20251012,2025-10-12,4 10 16 20 28 34,
20251010,2025-10-10,4 5 25 34 39 43,
20251008,2025-10-08,8 10 11 18 23 32,
20251005,2025-10-05,5 14 22 28 32 39,
20251003,2025-10-03,29 31 32 33 34 35,
20251001,2025-10-01,3 6 7 19 30 35,
20250928,2025-09-28,8 13 18 26 36 39,
20250926,2025-09-26,12 17 19 27 28 36,
20250924,2025-09-24,3 5 17 31 32 40,
20250921,2025-09-21,2 3 6 21 28 38,
20250919,2025-09-19,4 6 17 18 28 41,
20250917,2025-09-17,11 23 25 35 38 45,
20250914,2025-09-14,3 6 9 10 30 37,
20250912,2025-09-12,17 22 24 37 42 43,
20250910,2025-09-10,7 10 18 20 24 36,
20250907,2025-09-07,6 29 30 39 42 44,
20250905,2025-09-05,1 10 20 22 41 43,
20250903,2025-09-03,14 21 23 28 44 45,
20250831,2025-08-31,3 4 14 30 32 38,
20250829,2025-08-29,2 4 10 24 35 36,
20250827,2025-08-27,3 11 18 39 40 42,
20250824,2025-08-24,2 9 20 28 32 43,
20250822,2025-08-22,1 9 10 13 37 39,
20250820,2025-08-20,4 9 27 32 38 42,
20250817,2025-08-17,15 24 26 29 31 42,
20250815,2025-08-15,5 22 27 36 43 45,
20250813,2025-08-13,10 15 28 30 35 45,
20250810,2025-08-10,13 21 26 28 31 35,
20250808,2025-08-08,11 17 20 26 27 38,
20250806,2025-08-06,3 12 14 18 29 34,
20250803,2025-08-03,5 14 24 26 37 43,
20250801,2025-08-01,5 29 30 31 36 38,
20250730,2025-07-30,2 3 6 16 26 34,
20250727,2025-07-27,1 9 12 27 39 45,
20250725,2025-07-25,20 30 34 35 38 39,
20250723,2025-07-23,24 26 29 32 37 44,
20250720,2025-07-20,11 13 14 20 37 42,
20250718,2025-07-18,7 22 24 28 42 45,
20250716,2025-07-16,6 11 14 19 21 42,
20250713,2025-07-13,9 17 22 27 35 36,
20250711,2025-07-11,11 20 22 24 43 45,
20250709,2025-07-09,7 8 30 32 33 44,
20250706,2025-07-06,5 8 13 23 36 45,
20250704,2025-07-04,7 9 21 29 41 45,
20250702,2025-07-02,12 16 21 28 34 41,
20250629,2025-06-29,10 23 25 26 27 28,
20250627,2025-06-27,9 14 26 30 44 45,
20250625,2025-06-25,8 10 26 29 35 39,
20250622,2025-06-22,1 9 14 20 34 41,
20250620,2025-06-20,2 8 18 22 26 29,
20250618,2025-06-18,19 23 24 26 36 41,
20250615,2025-06-15,15 16 22 23 29 32,
20250613,2025-06-13,1 13 19 28 30 36,
20250611,2025-06-11,10 13 22 27 41 45,
20250608,2025-06-08,6 17 18 19 31 37,
20250606,2025-06-06,24 26 35 39 41 45,
20250604,2025-06-04,11 23 26 27 29 32,
20250601,2025-06-01,9 24 29 37 42 44,
20250530,2025-05-30,4 7 12 35 37 41,
20250528,2025-05-28,17 22 23 28 31 41,
20250525,2025-05-25,5 14 23 24 28 44,
20250523,2025-05-23,2 4 15 16 29 43,
20250521,2025-05-21,2 13 14 21 24 30,
20250518,2025-05-18,6 7 17 27 30 42,
20250516,2025-05-16,5 9 14 22 32 44,
20250514,2025-05-14,19 24 27 37 44 45,
20250511,2025-05-11,13 15 17 22 28 43,
20250509,2025-05-09,1 7 9 34 40 42,
20250507,2025-05-07,8 27 28 31 34 40,
20250504,2025-05-04,6 7 8 9 12 29,
20250502,2025-05-02,3 7 32 37 42 45,
20250430,2025-04-30,1 17 26 33 36 44,
20250427,2025-04-27,8 11 31 35 36 45,
20250425,2025-04-25,4 8 9 10 20 34,
20250423,2025-04-23,7 12 23 34 42 43,
20250420,2025-04-20,5 7 14 26 29 44,
20250418,2025-04-18,5 20 21 22 29 44,
20250416,2025-04-16,5 8 12 16 28 32,
20250413,2025-04-13,13 14 18 25 30 32,
20250411,2025-04-11,1 13 14 26 37 43,
20250409,2025-04-09,5 8 11 22 41 44,
20250406,2025-04-06,3 5 6 13 18 22,
20250404,2025-04-04,2 13 24 25 28 38,
20250402,2025-04-02,8 14 15 22 31 34,
20250330,2025-03-30,14 15 33 38 42 45,
20250328,2025-03-28,5 7 22 28 29 34,
20250326,2025-03-26,17 24 25 30 35 39,
20250323,2025-03-23,5 6 8 9 36 45,
20250321,2025-03-21,31 32 34 41 42 45,
20250319,2025-03-19,12 23 27 28 29 43,
20250316,2025-03-16,2 12 14 16 38 45,
20250314,2025-03-14,7 11 13 16 28 30,
20250312,2025-03-12,19 26 30 32 36 42,
20250309,2025-03-09,10 11 30 33 44 45,
20250307,2025-03-07,8 11 12 20 25 32,
20250305,2025-03-05,10 22 32 37 41 43,
20250302,2025-03-02,8 24 30 33 42 45,
20250228,2025-02-28,10 11 14 16 21 29,
20250226,2025-02-26,2 13 15 16 18 20,
20250223,2025-02-23,10 12 15 17 24 33,
20250221,2025-02-21,4 9 19 20 30 42,
20250219,2025-02-19,1 6 10 11 25 29,
20250216,2025-02-16,11 19 26 28 35 40,
20250214,2025-02-14,6 8 10 27 28 32,
20250212,2025-02-12,7 19 31 39 42 43,
20250209,2025-02-09,8 16 22 27 31 34,
20250207,2025-02-07,4 5 25 27 35 39,
20250205,2025-02-05,4 6 9 14 25 41,
20250202,2025-02-02,15 20 22 29 32 36,
20250131,2025-01-31,2 15 16 32 42 45,
20250126,2025-01-26,5 8 9 11 20 29,
20250124,2025-01-24,1 7 11 22 31 34,
20250122,2025-01-22,3 21 26 29 32 33,
20250119,2025-01-19,5 6 10 19 32 38,
20250117,2025-01-17,2 12 22 31 34 35,
20250115,2025-01-15,2 6 8 10 23 33,
20250112,2025-01-12,2 9 12 14 41 44,
20250110,2025-01-10,2 4 8 28 42 44,
20250108,2025-01-08,2 3 17 33 37 38,
20250105,2025-01-05,2 7 15 37 41 42,
20250103,2025-01-03,6 12 21 27 34 41,
20250101,2025-01-01,14 20 25 28 36 40,
20241229,2024-12-29,5 8 19 31 34 43,
20241227,2024-12-27,1 10 13 24 25 33,
20241225,2024-12-25,8 13 20 25 28 39,
20241222,2024-12-22,15 16 24 27 31 44,
20241220,2024-12-20,6 9 12 21 28 33,
20241218,2024-12-18,3 7 12 16 26 34,
20241215,2024-12-15,1 10 20 22 23 36,
20241213,2024-12-13,3 7 29 36 37 44,
20241211,2024-12-11,2 10 17 23 29 33,
20241208,2024-12-08,1 13 24 26 27 37,
20241206,2024-12-06,8 14 18 26 34 42,
20241204,2024-12-04,7 14 19 24 34 36,
20241201,2024-12-01,15 17 25 29 33 35,
20241129,2024-11-29,12 15 33 35 37 45,
20241127,2024-11-27,6 21 24 31 42 44,
20241124,2024-11-24,5 14 15 21 33 36,
20241122,2024-11-22,1 14 15 19 38 40,
20241120,2024-11-20,4 16 24 29 31 37,
20241117,2024-11-17,11 17 29 31 38 42,
20241115,2024-11-15,8 13 31 36 37 40,
20241113,2024-11-13,3 23 28 35 39 42,
20241110,2024-11-10,3 7 11 12 13 40,
20241108,2024-11-08,11 15 18 27 34 37,
20241106,2024-11-06,1 2 3 11 25 37,
20241103,2024-11-03,1 4 5 16 20 22,
20241101,2024-11-01,20 22 23 32 35 40,
20241030,2024-10-30,4 13 20 29 32 37,
20241027,2024-10-27,18 21 28 29 33 45,
20241025,2024-10-25,3 10 31 32 34 40,
20241023,2024-10-23,22 27 28 31 37 44,
20241020,2024-10-20,6 23 24 25 26 34,
20241018,2024-10-18,13 19 20 22 24 37,
20241016,2024-10-16,4 14 19 23 24 37,
20241013,2024-10-13,7 10 13 17 21 45,
20241011,2024-10-11,11 19 26 28 29 43,
20241009,2024-10-09,14 18 20 22 34 45,
20241006,2024-10-06,7 14 33 36 42 43,
20241004,2024-10-04,8 10 21 32 39 44,
20241002,2024-10-02,5 6 11 23 31 36,
20240929,2024-09-29,3 7 16 17 41 42,
20240927,2024-09-27,1 6 18 25 39 44,
20240925,2024-09-25,10 23 25 27 31 37,
20240922,2024-09-22,20 23 28 36 40 42,
20240920,2024-09-20,13 14 19 20 30 33,
20240918,2024-09-18,4 8 27 28 35 36,
20240915,2024-09-15,3 11 28 32 33 35,
20240913,2024-09-13,6 12 27 34 41 42,
20240911,2024-09-11,6 11 19 23 34 37,
20240908,2024-09-08,3 8 10 26 34 37,
20240906,2024-09-06,5 25 28 32 36 41,
20240904,2024-09-04,2 7 15 18 24 33,
20240901,2024-09-01,30 31 33 38 42 43,
20240830,2024-08-30,2 15 19 26 34 36,
20240828,2024-08-28,4 5 17 25 39 41,
20240825,2024-08-25,6 10 15 17 40 42,
20240823,2024-08-23,7 13 26 28 35 41,
20240821,2024-08-21,7 8 9 15 22 30,
20240818,2024-08-18,4 13 28 33 35 38,
20240816,2024-08-16,16 22 23 30 34 41,
20240814,2024-08-14,1 6 9 21 43 44,
20240811,2024-08-11,17 18 19 33 35 37,
20240809,2024-08-09,6 14 15 24 26 39,
20240807,2024-08-07,11 19 22 29 40 44,
20240804,2024-08-04,1 4 16 18 20 32,
20240802,2024-08-02,9 14 19 34 37 41,
20240731,2024-07-31,2 4 12 16 18 42,
20240728,2024-07-28,1 13 21 25 31 39,
20240726,2024-07-26,18 20 28 31 39 45,
20240724,2024-07-24,7 8 20 27 32 34,
20240721,2024-07-21,9 10 23 25 28 38,
20240719,2024-07-19,1 10 20 25 34 35,
20240717,2024-07-17,9 10 11 16 21 30,
20240714,2024-07-14,9 18 33 37 38 43,
20240712,2024-07-12,11 17 25 26 28 29,
20240710,2024-07-10,23 24 36 37 40 45,
20240707,2024-07-07,4 8 22 23 26 45,
20240705,2024-07-05,4 23 33 38 40 44,
20240703,2024-07-03,11 18 24 34 38 43,
20240630,2024-06-30,5 23 25 28 30 43,
20240628,2024-06-28,4 6 16 32 41 44,
20240626,2024-06-26,8 10 29 30 33 40,
20240623,2024-06-23,9 11 19 29 31 44,
20240621,2024-06-21,3 7 11 16 19 35,
20240619,2024-06-19,8 12 17 23 26 27,
20240616,2024-06-16,3 16 17 18 25 37,
20240614,2024-06-14,10 24 25 26 30 41,
20240612,2024-06-12,1 2 8 13 26 34,
20240609,2024-06-09,4 5 28 32 37 42,
20240607,2024-06-07,15 19 24 25 27 39,
20240605,2024-06-05,11 25 28 33 34 45,
20240602,2024-06-02,2 7 13 23 25 45,
20240531,2024-05-31,4 8 15 23 31 40,
20240529,2024-05-29,4 21 25 27 35 39,
20240526,2024-05-26,4 9 11 14 19 27,
20240524,2024-05-24,2 14 15 17 23 40,
20240522,2024-05-22,2 3 10 22 41 43,
20240519,2024-05-19,5 19 25 35 37 39,
20240517,2024-05-17,8 22 27 29 39 43,
20240515,2024-05-15,3 11 13 21 24 34,
20240512,2024-05-12,3 5 6 9 32 45,
20240510,2024-05-10,12 13 31 38 42 43,
20240508,2024-05-08,2 10 13 22 30 34,
20240505,2024-05-05,10 12 14 16 21 39,
20240503,2024-05-03,1 13 14 21 27 43,
20240501,2024-05-01,7 9 17 20 25 29,
20240428,2024-04-28,1 13 14 22 23 37,
20240426,2024-04-26,2 3 25 34 35 38,
20240424,2024-04-24,7 21 30 33 38 39,
20240421,2024-04-21,7 21 36 38 40 45,
20240419,2024-04-19,2 3 20 21 32 33,
20240417,2024-04-17,9 16 26 27 32 41,
20240414,2024-04-14,7 12 16 29 42 45,
20240412,2024-04-12,6 17 18 26 43 45,
20240410,2024-04-10,2 10 30 33 34 40,
20240407,2024-04-07,3 11 15 17 24 35,
20240405,2024-04-05,14 18 22 29 36 37,
20240403,2024-04-03,7 11 14 22 29 34,
20240331,2024-03-31,5 12 13 17 40 41,
20240329,2024-03-29,4 7 25 34 35 38,
20240327,2024-03-27,6 29 31 35 42 44,
20240324,2024-03-24,1 14 22 28 32 42,
20240322,2024-03-22,5 6 11 20 24 45,
20240320,2024-03-20,8 14 26 28 43 45,
20240317,2024-03-17,1 3 5 26 30 42,
20240315,2024-03-15,9 11 16 29 31 33,
20240313,2024-03-13,1 13 25 30 34 40,
20240310,2024-03-10,4 12 19 23 36 41,
20240308,2024-03-08,2 26 28 40 41 45,
20240306,2024-03-06,11 15 34 39 41 43,
20240303,2024-03-03,3 10 17 20 22 27,
20240301,2024-03-01,20 22 24 26 28 37,
20240228,2024-02-28,1 10 21 25 32 39,
20240225,2024-02-25,5 7 10 12 15 26,
20240223,2024-02-23,4 17 19 27 28 36,
20240221,2024-02-21,2 8 14 19 24 42,
20240218,2024-02-18,5 19 20 21 24 40,
20240216,2024-02-16,6 10 16 20 40 42,
20240214,2024-02-14,8 9 11 12 40 44,
20240211,2024-02-11,7 18 31 33 35 41,
20240207,2024-02-07,17 21 24 25 39 42,
20240204,2024-02-04,9 15 21 29 33 39,
20240202,2024-02-02,1 15 29 31 32 34,
20240131,2024-01-31,9 11 15 35 38 41,
20240128,2024-01-28,3 23 25 29 36 41,
20240126,2024-01-26,8 19 22 27 31 35,
20240124,2024-01-24,7 27 30 36 39 45,
20240121,2024-01-21,11 20 22 23 26 31,
20240119,2024-01-19,8 15 20 24 43 44,
20240117,2024-01-17,14 19 21 36 43 44,
20240114,2024-01-14,2 8 19 20 24 42,
20240112,2024-01-12,10 11 20 27 39 43,
20240110,2024-01-10,10 12 18 19 29 43,
20240107,2024-01-07,3 4 15 18 36 45,
20240105,2024-01-05,9 16 29 31 33 42,
20240103,2024-01-03,9 14 19 20 29 40,
20231231,2023-12-31,13 14 23 25 34 44,
20231229,2023-12-29,16 20 22 35 37 39,
20231227,2023-12-27,8 16 23 34 36 39,
20231224,2023-12-24,1 2 5 24 40 43,
20231222,2023-12-22,2 12 14 16 34 38,
20231220,2023-12-20,5 15 16 21 22 32,
20231217,2023-12-17,3 7 18 20 31 33,
20231215,2023-12-15,1 5 10 11 20 40,
20231213,2023-12-13,3 7 11 20 28 44,
20231210,2023-12-10,9 10 11 17 41 44,
20231208,2023-12-08,11 15 16 17 42 43,
20231206,2023-12-06,18 19 20 29 41 42,
20231203,2023-12-03,12 14 16 21 29 32,
20231201,2023-12-01,5 10 14 21 27 32,
20231129,2023-11-29,9 22 24 32 38 39,
20231126,2023-11-26,4 6 15 23 25 36,
20231124,2023-11-24,5 18 22 34 41 45,
20231122,2023-11-22,15 18 20 23 37 39,
20231119,2023-11-19,1 3 19 20 26 34,
20231117,2023-11-17,16 20 25 26 36 41,
20231115,2023-11-15,2 3 12 16 30 37,
20231112,2023-11-12,2 4 10 15 27 31,
20231110,2023-11-10,1 4 10 13 14 44,
20231108,2023-11-08,7 20 23 27 31 33,
20231105,2023-11-05,1 13 16 18 23 25,
20231103,2023-11-03,2 7 9 13 22 38,
20231101,2023-11-01,1 3 15 16 23 28,
20231029,2023-10-29,5 7 15 21 32 45,
20231027,2023-10-27,7 10 14 21 26 37,
20231025,2023-10-25,4 6 13 25 31 41,
20231022,2023-10-22,10 13 14 19 35 40,
20231020,2023-10-20,4 16 21 24 26 37,
20231018,2023-10-18,2 7 18 20 24 29,
20231015,2023-10-15,4 5 9 27 34 39,
20231013,2023-10-13,1 11 16 39 40 45,
20231011,2023-10-11,5 10 30 40 44 45,
20231008,2023-10-08,4 16 22 28 33 39,
20231006,2023-10-06,18 19 24 28 33 40,
20231004,2023-10-04,7 17 21 32 40 45,
20231001,2023-10-01,2 11 13 16 41 43,
20230929,2023-09-29,2 8 24 27 30 43,
20230927,2023-09-27,3 12 22 30 37 39,
20230924,2023-09-24,4 8 23 27 30 36,
20230922,2023-09-22,2 16 17 18 20 23,
20230920,2023-09-20,3 6 20 39 40 41,
20230917,2023-09-17,6 10 15 36 39 43,
20230915,2023-09-15,2 3 5 7 10 38,
20230913,2023-09-13,2 4 7 9 12 13,
20230910,2023-09-10,4 5 10 18 27 40,
20230908,2023-09-08,6 8 14 29 39 42,
20230906,2023-09-06,3 4 12 18 19 29,
20230903,2023-09-03,1 33 38 39 44 45,
20230901,2023-09-01,9 14 16 19 28 41,
20230830,2023-08-30,13 17 20 28 30 33,
20230827,2023-08-27,24 27 30 37 44 45,
20230825,2023-08-25,8 18 30 32 38 45,
20230823,2023-08-23,5 14 18 19 29 31,
20230820,2023-08-20,7 8 22 23 30 42,
20230818,2023-08-18,12 19 21 22 34 38,
20230816,2023-08-16,5 7 25 31 39 41,
20230813,2023-08-13,9 15 23 33 35 40,
20230811,2023-08-11,16 21 26 29 30 45,
20230809,2023-08-09,18 22 30 31 39 41,
20230806,2023-08-06,4 15 19 25 30 38,
20230804,2023-08-04,2 12 22 38 41 44,
20230802,2023-08-02,4 21 27 38 39 44,
20230730,2023-07-30,3 17 23 33 42 45,
20230728,2023-07-28,7 27 28 30 31 35,
20230726,2023-07-26,4 13 18 21 29 37,
20230723,2023-07-23,14 17 23 32 33 43,
20230721,2023-07-21,9 20 31 33 36 45,
20230719,2023-07-19,6 10 19 37 43 45,
20230716,2023-07-16,1 7 16 18 21 29,
20230714,2023-07-14,4 5 13 19 27 37,
20230712,2023-07-12,19 24 27 31 33 43,
20230709,2023-07-09,14 16 27 28 33 41,
20230707,2023-07-07,5 9 12 20 37 42,
20230705,2023-07-05,1 12 24 27 36 44,
20230702,2023-07-02,3 5 8 17 37 41,
20230630,2023-06-30,2 5 20 23 31 38,
20230628,2023-06-28,4 8 24 31 42 45,
20230625,2023-06-25,4 6 7 25 26 30,
20230623,2023-06-23,10 14 15 20 24 45,
20230621,2023-06-21,7 13 19 35 37 38,
20230618,2023-06-18,3 4 8 18 21 33,
20230616,2023-06-16,24 26 32 37 38 41,
20230614,2023-06-14,2 28 31 37 41 44,
20230611,2023-06-11,5 18 22 40 41 44,
20230609,2023-06-09,15 16 23 25 40 41,
20230607,2023-06-07,1 7 14 16 34 44,
20230604,2023-06-04,3 15 19 35 36 43,
20230602,2023-06-02,3 11 14 19 21 43,
20230531,2023-05-31,4 9 10 22 41 44,
20230528,2023-05-28,6 13 19 20 37 44,
20230526,2023-05-26,8 10 19 25 35 44,
20230524,2023-05-24,9 11 15 28 33 44,
20230521,2023-05-21,8 10 17 19 24 41,
20230519,2023-05-19,3 9 10 27 35 38,
20230517,2023-05-17,2 6 13 20 28 44,
20230514,2023-05-14,7 8 13 37 42 44,
20230512,2023-05-12,2 6 8 9 15 27,
20230510,2023-05-10,7 8 9 13 15 27,
20230507,2023-05-07,4 30 31 33 35 45,
20230505,2023-05-05,22 28 31 35 36 38,
20230503,2023-05-03,18 23 28 29 39 44,
20230430,2023-04-30,7 9 23 24 33 36,
20230428,2023-04-28,5 11 25 33 42 44,
20230426,2023-04-26,1 4 7 9 34 37,
20230423,2023-04-23,1 2 22 30 37 42,
20230421,2023-04-21,2 4 7 10 20 44,
20230419,2023-04-19,10 27 37 40 42 43,
20230416,2023-04-16,8 17 20 25 33 36,
20230414,2023-04-14,8 16 23 27 32 41,
20230412,2023-04-12,4 7 27 28 32 43,
20230409,2023-04-09,12 15 25 30 34 39,
20230407,2023-04-07,9 14 22 29 39 41,
20230405,2023-04-05,4 8 12 15 19 43,
20230402,2023-04-02,2 24 36 38 42 43,
20230331,2023-03-31,1 9 10 15 30 42,
20230329,2023-03-29,3 6 12 28 29 43,
20230326,2023-03-26,6 16 18 25 34 45,
20230324,2023-03-24,6 14 15 18 24 41,
20230322,2023-03-22,5 8 10 15 17 41,
20230319,2023-03-19,2 7 10 21 28 35,
20230317,2023-03-17,5 7 12 22 26 33,
20230315,2023-03-15,11 19 23 28 34 35,
20230312,2023-03-12,10 28 29 31 33 37,
20230310,2023-03-10,3 5 13 22 36 44,
20230308,2023-03-08,10 13 22 25 28 36,
20230305,2023-03-05,9 11 24 31 36 44,
20230303,2023-03-03,10 22 26 27 33 43,
20230301,2023-03-01,13 14 29 33 38 43,
20230226,2023-02-26,4 9 16 26 28 42,
20230224,2023-02-24,1 10 16 22 35 44,
20230222,2023-02-22,8 16 22 23 28 38,
20230219,2023-02-19,2 20 22 28 29 38,
20230217,2023-02-17,1 5 10 13 23 25,
20230215,2023-02-15,1 2 8 20 24 31,
20230212,2023-02-12,3 5 11 23 24 42,
20230210,2023-02-10,1 11 23 27 33 39,
20230208,2023-02-08,6 18 20 22 26 34,
20230205,2023-02-05,13 15 23 29 31 34,
20230203,2023-02-03,4 11 16 30 33 43,
20230201,2023-02-01,16 21 27 29 34 44,
20230129,2023-01-29,5 21 26 27 32 33,
20230127,2023-01-27,10 13 21 29 41 43,
20230125,2023-01-25,12 14 18 22 28 31,
20230120,2023-01-20,3 7 13 29 32 44,
20230115,2023-01-15,8 9 15 21 26 45,
20230113,2023-01-13,3 11 14 20 26 42,
20230111,2023-01-11,1 18 22 33 34 43,
20230108,2023-01-08,11 29 32 39 40 43,
20230106,2023-01-06,2 7 16 25 35 38,
20230104,2023-01-04,3 5 7 37 39 42,
20230101,2023-01-01,16 20 26 30 32 40,
20221230,2022-12-30,3 24 31 35 39 42,
20221228,2022-12-28,4 5 10 21 33 37,
20221225,2022-12-25,15 17 21 28 37 43,
20221223,2022-12-23,2 14 21 22 35 43,
20221221,2022-12-21,8 12 20 26 35 37,
20221218,2022-12-18,2 12 13 33 36 42,
20221216,2022-12-16,6 19 22 26 38 39,
20221214,2022-12-14,13 29 35 37 38 41,
20221211,2022-12-11,9 11 16 17 22 33,
20221209,2022-12-09,4 23 25 30 40 41,
20221207,2022-12-07,8 11 19 24 26 42,
20221204,2022-12-04,4 5 7 9 27 39,
20221202,2022-12-02,2 18 21 24 38 44,
20221130,2022-11-30,7 15 20 25 32 37,
20221127,2022-11-27,1 26 27 35 36 43,
20221125,2022-11-25,14 20 24 30 35 41,
20221123,2022-11-23,4 13 15 20 37 38,
20221120,2022-11-20,1 4 14 22 24 40,
20221118,2022-11-18,15 16 22 25 29 33,
20221116,2022-11-16,2 3 12 32 35 44,
20221113,2022-11-13,3 4 27 32 40 43,
20221111,2022-11-11,2 3 9 15 17 43,
20221109,2022-11-09,7 9 16 20 30 32,
20221106,2022-11-06,8 10 12 14 17 31,
20221104,2022-11-04,9 13 16 24 33 45,
20221102,2022-11-02,2 17 23 27 37 42,
20221030,2022-10-30,15 27 31 36 38 41,
20221028,2022-10-28,16 21 22 33 42 45,
20221026,2022-10-26,2 3 10 15 31 36,
20221023,2022-10-23,2 11 18 33 36 45,
20221021,2022-10-21,10 16 17 18 34 42,
20221019,2022-10-19,1 3 7 10 21 29,
20221016,2022-10-16,2 5 19 26 38 40,
20221014,2022-10-14,1 6 22 25 30 34,
20221012,2022-10-12,1 7 13 16 27 35,
20221009,2022-10-09,13 15 20 25 35 43,
20221007,2022-10-07,18 20 29 34 36 38,
20221005,2022-10-05,9 18 23 24 29 34,
20221002,2022-10-02,3 17 28 30 31 32,
20220930,2022-09-30,4 11 19 20 35 41,
20220928,2022-09-28,4 5 7 24 27 30,
20220925,2022-09-25,3 5 8 31 33 34,
20220923,2022-09-23,1 12 21 28 30 44,
20220921,2022-09-21,5 10 14 25 42 45,
20220918,2022-09-18,3 5 10 17 25 29,
20220916,2022-09-16,2 26 35 41 42 43,
20220914,2022-09-14,3 12 15 20 24 45,
20220911,2022-09-11,4 15 20 31 43 44,
20220909,2022-09-09,4 6 13 14 28 39,
20220907,2022-09-07,8 9 10 20 35 38,
20220904,2022-09-04,5 17 19 27 35 39,
20220902,2022-09-02,2 3 14 21 31 33,
20220831,2022-08-31,4 10 28 29 31 34,
20220828,2022-08-28,8 16 31 37 39 41,
20220826,2022-08-26,3 30 31 32 36 45,
20220824,2022-08-24,12 20 21 23 27 34,
20220821,2022-08-21,5 19 21 23 28 36,
20220819,2022-08-19,25 26 33 39 41 43,
20220817,2022-08-17,23 29 35 37 39 45,
20220814,2022-08-14,9 13 21 24 34 35,
20220812,2022-08-12,5 7 16 20 36 41,
20220810,2022-08-10,4 8 10 15 26 31,
20220807,2022-08-07,6 9 10 13 24 27,
20220805,2022-08-05,10 13 14 32 37 42,
20220803,2022-08-03,5 14 30 36 38 42,
20220731,2022-07-31,3 8 15 16 40 42,
20220729,2022-07-29,5 7 11 20 31 37,
20220727,2022-07-27,9 15 18 22 32 41,
20220724,2022-07-24,4 11 17 29 30 44,
20220722,2022-07-22,4 10 18 22 31 37,
20220720,2022-07-20,5 6 20 22 26 39,
20220717,2022-07-17,7 13 20 23 27 29,
20220715,2022-07-15,4 30 35 39 42 43,
20220713,2022-07-13,4 9 21 28 35 37,
20220710,2022-07-10,12 23 29 36 37 41,
20220708,2022-07-08,6 7 12 18 21 43,
20220706,2022-07-06,4 12 14 15 41 42,
20220703,2022-07-03,8 14 17 20 21 40,
20220701,2022-07-01,17 26 30 31 33 39,
20220629,2022-06-29,1 19 20 27 30 32,
20220626,2022-06-26,3 7 8 18 27 36,
20220624,2022-06-24,7 16 18 32 34 44,
20220622,2022-06-22,3 20 23 30 33 35,
20220619,2022-06-19,1 24 25 31 39 40,
20220617,2022-06-17,5 8 26 29 35 44,
20220615,2022-06-15,1 6 12 20 36 39,
20220612,2022-06-12,6 14 19 22 40 42,
20220610,2022-06-10,10 23 25 26 30 41,
20220608,2022-06-08,2 10 13 15 22 36,
20220605,2022-06-05,6 8 21 28 30 35,
20220603,2022-06-03,5 8 34 38 39 41,
20220601,2022-06-01,6 10 21 23 28 39,
20220529,2022-05-29,2 6 19 24 30 42,
20220527,2022-05-27,16 21 23 27 35 41,
20220525,2022-05-25,19 26 27 39 44 45,
20220522,2022-05-22,1 7 10 24 33 40,
20220520,2022-05-20,12 17 34 39 44 45,
20220518,2022-05-18,3 17 23 37 40 42,
20220515,2022-05-15,5 20 21 31 34 37,
20220513,2022-05-13,7 8 18 29 41 44,
20220511,2022-05-11,2 6 7 18 34 41,
20220508,2022-05-08,4 12 20 25 35 37,
20220506,2022-05-06,1 3 15 16 34 43,
20220504,2022-05-04,1 4 23 28 33 38,
20220501,2022-05-01,8 21 26 35 37 42,
20220429,2022-04-29,5 12 16 25 26 32,
20220427,2022-04-27,3 9 14 17 27 32,
20220424,2022-04-24,9 12 23 30 32 40,
20220422,2022-04-22,11 13 15 18 24 36,
20220420,2022-04-20,1 8 17 21 27 37,
20220417,2022-04-17,5 13 15 28 38 40,
20220415,2022-04-15,9 18 21 25 35 44,
20220413,2022-04-13,1 7 20 25 40 41,
20220410,2022-04-10,4 17 28 30 38 42,
20220408,2022-04-08,2 13 16 19 20 36,
20220406,2022-04-06,13 17 19 25 32 45,
20220403,2022-04-03,5 11 20 26 40 43,
20220401,2022-04-01,2 19 25 32 41 44,
20220330,2022-03-30,1 12 26 28 39 45,
20220327,2022-03-27,8 17 21 39 44 45,
20220325,2022-03-25,1 12 13 27 29 35,
20220323,2022-03-23,2 9 37 38 40 43,
20220320,2022-03-20,1 9 10 12 22 44,
20220318,2022-03-18,6 10 15 29 41 42,
20220316,2022-03-16,10 11 14 24 31 45,
20220313,2022-03-13,1 5 19 20 23 38,
20220311,2022-03-11,6 20 23 29 34 45,
20220309,2022-03-09,3 15 35 39 40 43,
20220306,2022-03-06,11 16 21 33 34 42,
20220304,2022-03-04,3 19 21 24 27 38,
20220302,2022-03-02,7 10 13 20 21 34,
20220227,2022-02-27,10 20 25 27 38 45,
20220225,2022-02-25,10 13 30 33 39 41,
20220223,2022-02-23,2 16 18 19 24 29,
20220220,2022-02-20,4 6 16 30 43 44,
20220218,2022-02-18,3 14 20 26 28 36,
20220216,2022-02-16,2 5 8 16 22 42,
20220213,2022-02-13,14 21 22 24 28 45,
20220211,2022-02-11,10 11 19 38 41 44,
20220209,2022-02-09,3 20 27 37 44 45,
20220206,2022-02-06,5 9 21 24 34 39,
20220204,2022-02-04,11 16 18 38 40 43,
20220202,2022-02-02,5 6 14 20 31 38,
20220130,2022-01-30,1 7 22 26 28 41,
20220128,2022-01-28,4 6 12 26 27 39,
20220126,2022-01-26,5 11 15 18 27 43,
20220123,2022-01-23,13 20 24 32 34 40,
20220121,2022-01-21,1 13 17 24 27 42,
20220119,2022-01-19,14 21 25 34 37 39,
20220116,2022-01-16,1 3 4 5 32 33,
20220114,2022-01-14,5 14 27 30 38 45,
20220112,2022-01-12,3 6 13 15 36 44,
20220109,2022-01-09,6 7 11 22 35 41,
20220107,2022-01-07,10 13 24 28 38 44,
20220105,2022-01-05,1 3 8 9 35 40,
20220102,2022-01-02,11 17 30 36 41 45,
20211231,2021-12-31,2 5 12 33 41 45,
20211229,2021-12-29,5 27 33 34 38 40,
20211226,2021-12-26,4 11 16 24 35 44,
20211224,2021-12-24,3 17 25 26 36 38,
20211222,2021-12-22,8 16 17 23 28 38,
20211219,2021-12-19,12 15 24 30 36 45,
20211217,2021-12-17,8 15 16 21 25 33,
20211215,2021-12-15,3 18 29 30 39 41,
20211212,2021-12-12,16 21 29 40 41 43,
20211210,2021-12-10,1 4 17 19 24 42,
20211208,2021-12-08,2 3 16 19 22 34,
20211205,2021-12-05,3 5 6 31 34 35,
20211203,2021-12-03,10 14 29 37 38 40,
20211201,2021-12-01,8 9 30 31 38 45,
20211128,2021-11-28,13 17 26 27 31 37,
20211126,2021-11-26,4 18 25 29 32 34,
20211124,2021-11-24,2 10 18 23 34 36,
20211121,2021-11-21,1 12 29 40 44 45,
20211119,2021-11-19,9 10 26 28 39 43,
20211117,2021-11-17,4 15 25 26 32 35,
20211114,2021-11-14,3 5 18 28 42 43,
20211112,2021-11-12,11 14 18 24 35 37,
20211110,2021-11-10,17 18 19 20 27 44,
20211107,2021-11-07,5 20 24 25 35 36,
20211105,2021-11-05,10 16 36 40 41 42,
20211103,2021-11-03,3 13 15 23 24 44,
20211031,2021-10-31,9 14 17 18 36 41,
20211029,2021-10-29,17 19 22 31 32 34,
20211027,2021-10-27,13 17 26 29 33 39,
20211024,2021-10-24,6 29 31 32 39 44,
20211022,2021-10-22,3 5 6 9 28 43,
20211020,2021-10-20,5 9 33 40 41 45,
20211017,2021-10-17,4 12 21 22 27 40,
20211015,2021-10-15,5 13 17 20 29 45,
20211013,2021-10-13,20 34 37 39 41 42,
20211010,2021-10-10,3 25 26 29 40 42,
20211008,2021-10-08,4 13 18 23 33 43,
20211006,2021-10-06,9 11 15 20 32 36,
20211003,2021-10-03,6 12 28 30 39 42,
20211001,2021-10-01,11 15 17 27 28 45,
20210929,2021-09-29,6 15 16 27 36 42,
20210926,2021-09-26,13 27 34 35 36 41,
20210924,2021-09-24,1 4 7 14 16 41,
20210922,2021-09-22,5 10 19 22 36 45,
20210919,2021-09-19,6 24 28 31 36 43,
20210917,2021-09-17,6 10 15 37 39 44,
20210915,2021-09-15,11 14 17 24 29 35,
20210912,2021-09-12,4 8 21 29 33 45,
20210910,2021-09-10,10 16 22 36 43 44,
20210908,2021-09-08,4 18 28 32 36 40,
20210905,2021-09-05,15 18 25 27 29 34,
20210903,2021-09-03,6 11 18 23 32 44,
20210901,2021-09-01,6 13 33 34 40 45,
20210829,2021-08-29,1 18 21 25 27 35,
20210827,2021-08-27,4 10 11 15 24 37,
20210825,2021-08-25,1 3 5 17 22 33,
20210822,2021-08-22,6 7 18 25 40 43,
20210820,2021-08-20,4 8 17 27 32 36,
20210818,2021-08-18,10 16 19 27 28 36,
20210723,2021-07-23,19 26 31 33 41 42,
20210721,2021-07-21,8 10 12 29 34 37,
20210718,2021-07-18,3 8 19 21 25 36,
20210716,2021-07-16,1 9 18 26 41 45,
20210714,2021-07-14,4 11 22 29 37 43,
20210711,2021-07-11,2 8 15 17 19 30,
20210709,2021-07-09,4 9 17 18 28 32,
20210707,2021-07-07,1 6 13 30 34 43,
20210704,2021-07-04,3 14 15 21 26 37,
20210702,2021-07-02,1 14 15 18 32 45,
20210630,2021-06-30,2 5 6 8 10 32,
20210627,2021-06-27,5 10 29 37 42 44,
20210625,2021-06-25,3 5 6 23 24 39,
20210623,2021-06-23,4 7 20 28 33 41,
20210620,2021-06-20,10 24 27 42 43 45,
20210618,2021-06-18,10 11 28 29 40 42,
20210616,2021-06-16,11 19 24 28 31 39,
20210613,2021-06-13,3 10 12 13 36 44,
20210611,2021-06-11,8 12 13 14 32 40,
20210609,2021-06-09,2 7 18 20 24 36,
20210606,2021-06-06,5 7 10 13 14 42,
20210604,2021-06-04,19 24 31 32 35 36,
20210602,2021-06-02,10 20 22 26 31 42,
20210530,2021-05-30,7 10 19 30 40 45,
20210528,2021-05-28,2 15 33 41 44 45,
20210526,2021-05-26,1 10 22 36 38 45,
20210523,2021-05-23,11 14 22 26 29 44,
20210521,2021-05-21,4 28 37 38 40 42,
20210519,2021-05-19,3 12 23 29 33 34,
20210516,2021-05-16,13 23 33 37 40 43,
20210514,2021-05-14,3 11 16 20 24 30,
20210512,2021-05-12,9 15 22 27 34 42,
20210509,2021-05-09,1 7 16 24 27 37,
20210507,2021-05-07,10 20 21 27 33 34,
20210505,2021-05-05,3 14 20 22 37 44,
20210502,2021-05-02,7 8 30 35 40 44,
20210430,2021-04-30,3 4 20 21 36 41,
20210428,2021-04-28,21 39 40 41 43 45,
20210425,2021-04-25,8 19 21 28 32 44,
20210423,2021-04-23,13 16 18 22 34 39,
20210421,2021-04-21,3 12 19 27 32 35,
20210418,2021-04-18,7 9 15 23 26 27,
20210416,2021-04-16,8 9 11 28 30 39,
20210414,2021-04-14,11 12 16 18 33 35,
20210411,2021-04-11,3 23 27 32 34 39,
20210409,2021-04-09,3 4 8 17 19 37,
20210407,2021-04-07,13 15 19 25 33 34,
20210404,2021-04-04,5 20 27 30 38 43,
20210402,2021-04-02,1 5 9 16 42 44,
20210331,2021-03-31,2 4 6 36 41 42,
20210328,2021-03-28,23 26 40 41 43 44,
20210326,2021-03-26,2 11 15 18 23 42,
20210324,2021-03-24,7 14 23 26 37 39,
20210321,2021-03-21,8 9 11 31 36 39,
20210319,2021-03-19,5 6 24 34 36 37,
20210317,2021-03-17,6 11 26 28 36 41,
20210314,2021-03-14,1 9 11 32 34 42,
20210312,2021-03-12,5 11 17 34 38 42,
20210310,2021-03-10,5 14 15 19 25 33,
20210307,2021-03-07,4 12 25 28 33 45,
20210305,2021-03-05,9 11 13 21 27 41,
20210303,2021-03-03,1 20 28 37 40 44,
20210228,2021-02-28,4 5 25 28 29 42,
20210226,2021-02-26,11 13 19 27 37 41,
20210224,2021-02-24,2 13 19 33 40 43,
20210221,2021-02-21,6 7 22 24 27 37,
20210219,2021-02-19,12 19 22 23 34 44,
20210217,2021-02-17,3 18 21 22 36 44,
20210214,2021-02-14,3 13 18 21 39 44,
20210210,2021-02-10,8 13 18 19 21 24,
20210207,2021-02-07,1 4 7 15 41 42,
20210205,2021-02-05,2 8 31 32 42 44,
20210203,2021-02-03,7 9 14 23 35 41,
20210131,2021-01-31,4 6 7 11 34 41,
20210129,2021-01-29,6 7 8 29 35 39,
20210127,2021-01-27,1 7 11 28 41 44,
20210124,2021-01-24,8 9 23 25 31 32,
20210122,2021-01-22,1 6 7 20 28 43,
20210120,2021-01-20,7 20 29 30 40 45,
20210117,2021-01-17,4 5 32 39 40 42,
20210115,2021-01-15,4 6 10 13 26 43,
20210113,2021-01-13,19 20 21 28 33 41,
20210110,2021-01-10,10 11 22 32 38 43,
20210108,2021-01-08,8 19 22 25 32 35,
20210106,2021-01-06,22 27 30 35 40 45,
20210103,2021-01-03,4 31 34 36 40 43,
20210101,2021-01-01,10 16 24 26 30 32,
20201230,2020-12-30,1 13 20 26 35 37,
20201227,2020-12-27,3 11 17 19 34 39,
20201225,2020-12-25,6 12 15 22 33 39,
20201223,2020-12-23,7 11 17 31 35 40,
20201220,2020-12-20,15 18 28 30 34 44,
20201218,2020-12-18,4 9 14 23 32 38,
20201216,2020-12-16,10 11 22 27 36 41,
20201213,2020-12-13,10 12 20 36 41 44,
20201211,2020-12-11,23 24 25 35 37 39,
20201209,2020-12-09,16 24 27 31 36 43,
20201206,2020-12-06,11 21 24 27 29 37,
20201204,2020-12-04,3 5 33 37 41 43,
20201202,2020-12-02,4 5 7 10 25 39,
20201129,2020-11-29,6 7 14 18 37 43,
20201127,2020-11-27,1 9 12 13 37 43,
20201125,2020-11-25,1 5 7 8 25 40,
20201122,2020-11-22,9 16 17 24 32 40,
20201120,2020-11-20,2 17 24 29 31 37,
20201118,2020-11-18,18 19 21 31 39 44,
20201115,2020-11-15,14 16 21 29 40 41,
20201113,2020-11-13,8 22 23 33 34 36,
20201111,2020-11-11,4 10 12 17 20 35,
20201108,2020-11-08,3 12 14 16 23 33,
20201106,2020-11-06,19 24 30 32 36 37,
20201104,2020-11-04,3 8 11 13 26 38,
20201101,2020-11-01,6 21 27 30 32 44,
20201030,2020-10-30,4 5 14 18 23 43,
20201028,2020-10-28,1 4 7 15 35 45,
20201025,2020-10-25,11 19 30 38 41 45,
20201023,2020-10-23,5 10 16 23 34 45,
20201021,2020-10-21,4 11 26 36 38 41,
20201018,2020-10-18,1 14 25 26 30 40,
20201016,2020-10-16,4 14 16 23 24 27,
20201014,2020-10-14,4 7 23 32 43 44,
20201011,2020-10-11,12 18 28 31 40 45,
20201009,2020-10-09,15 19 23 30 33 39,
20201007,2020-10-07,13 15 25 26 28 34,
20201004,2020-10-04,9 16 19 25 26 39,
20201002,2020-10-02,9 11 21 31 32 37,
20200930,2020-09-30,2 5 31 32 42 44,
20200927,2020-09-27,1 12 26 31 37 38,
20200925,2020-09-25,14 20 22 35 44 45,
20200923,2020-09-23,2 8 17 23 30 41,
20200920,2020-09-20,5 7 9 13 15 16,
20200918,2020-09-18,10 19 21 23 27 33,
20200916,2020-09-16,5 20 29 30 38 40,
20200913,2020-09-13,20 23 28 37 40 44,
20200911,2020-09-11,4 11 13 16 17 33,
20200909,2020-09-09,19 21 34 35 36 39,
20200906,2020-09-06,1 6 19 29 31 44,
20200904,2020-09-04,7 16 20 30 40 41,
20200902,2020-09-02,8 10 14 16 18 24,
20200830,2020-08-30,6 8 18 19 29 33,
20200828,2020-08-28,10 11 14 23 27 37,
20200826,2020-08-26,2 18 24 28 35 42,
20200823,2020-08-23,10 14 19 25 36 39,
20200821,2020-08-21,7 8 26 30 37 43,
20200819,2020-08-19,7 20 36 37 43 45,
20200816,2020-08-16,2 5 6 20 33 39,
20200814,2020-08-14,9 18 21 24 34 41,
20200812,2020-08-12,7 21 34 38 43 44,
20200809,2020-08-09,11 13 14 43 44 45,
20200807,2020-08-07,17 26 35 40 43 44,
20200805,2020-08-05,14 18 19 32 33 38,
20200802,2020-08-02,6 9 12 17 41 42,
20200731,2020-07-31,4 9 19 29 36 41,
20200729,2020-07-29,6 14 26 41 42 43,
20200726,2020-07-26,5 15 21 39 43 45,
20200724,2020-07-24,4 25 31 35 39 41,
20200722,2020-07-22,9 13 18 24 26 42,
20200719,2020-07-19,1 13 14 19 42 45,
20200717,2020-07-17,4 10 18 20 32 45,
20200715,2020-07-15,10 11 18 19 20 45,
20200712,2020-07-12,2 15 21 27 31 35,
20200710,2020-07-10,18 20 22 33 35 39,
20200708,2020-07-08,14 15 17 21 31 38,
20200705,2020-07-05,5 8 10 17 22 31,
20200703,2020-07-03,4 5 17 18 22 36,
20200701,2020-07-01,10 13 14 26 32 33,
20200628,2020-06-28,4 15 24 36 37 41,
20200626,2020-06-26,9 23 27 30 38 41,
20200624,2020-06-24,7 17 18 32 39 40,
20200621,2020-06-21,7 9 13 33 40 44,
20200619,2020-06-19,4 12 17 19 32 45,
20200617,2020-06-17,7 16 28 33 34 45,
20200614,2020-06-14,19 22 24 41 44 45,
20200612,2020-06-12,5 16 22 27 30 31,
20200610,2020-06-10,2 11 23 25 26 35,
20200607,2020-06-07,6 7 11 16 23 44,
20200605,2020-06-05,10 13 22 28 38 43,
20200603,2020-06-03,1 15 17 19 40 43,
20200531,2020-05-31,1 6 13 27 35 40,
20200529,2020-05-29,4 10 23 26 35 37,
20200527,2020-05-27,6 15 29 30 37 42,
20200524,2020-05-24,1 29 30 32 34 35,
20200522,2020-05-22,3 8 19 28 35 41,
20200520,2020-05-20,1 8 15 23 25 39,
20200517,2020-05-17,2 4 21 30 33 37,
20200515,2020-05-15,3 12 13 28 33 36,
20200513,2020-05-13,6 20 21 35 40 45,
20200510,2020-05-10,7 9 23 32 33 37,
20200508,2020-05-08,1 3 7 12 22 25,
20200506,2020-05-06,3 18 25 29 30 44,
20200503,2020-05-03,5 18 29 32 38 44,
20200501,2020-05-01,6 7 16 37 40 44,
20200429,2020-04-29,1 8 11 13 15 32,
20200426,2020-04-26,5 25 30 36 37 41,
20200424,2020-04-24,10 31 37 39 40 43,
20200329,2020-03-29,7 10 23 36 39 44,
20200327,2020-03-27,1 6 10 35 36 45,
20200325,2020-03-25,26 31 33 37 38 45,
20200322,2020-03-22,2 10 19 22 24 29,
20200320,2020-03-20,8 23 29 37 39 44,
20200318,2020-03-18,6 21 30 37 38 45,
20200315,2020-03-15,4 7 11 17 19 31,
20200313,2020-03-13,8 13 20 28 35 45,
20200311,2020-03-11,12 16 29 35 37 44,
20200308,2020-03-08,3 13 17 19 21 43,
20200306,2020-03-06,6 9 10 16 26 42,
20200304,2020-03-04,1 7 17 24 35 41,
20200301,2020-03-01,1 6 7 13 26 39,
20200228,2020-02-28,2 19 23 27 29 38,
20200226,2020-02-26,2 10 12 20 24 39,
20200223,2020-02-23,1 6 16 23 34 42,
20200221,2020-02-21,13 15 22 28 29 41,
20200219,2020-02-19,1 16 23 25 30 38,
20200216,2020-02-16,1 4 14 36 37 41,
20200214,2020-02-14,4 14 24 32 36 43,
20200212,2020-02-12,5 13 16 20 24 35,
20200209,2020-02-09,1 4 18 22 26 35,
20200207,2020-02-07,6 11 15 33 40 44,
20200205,2020-02-05,9 19 24 37 38 45,
20200202,2020-02-02,1 4 16 32 35 38,
20200131,2020-01-31,8 9 20 25 30 40,
20200129,2020-01-29,3 10 16 24 39 44,
20200126,2020-01-26,4 5 9 25 33 37,
20200122,2020-01-22,1 15 16 34 36 42,
20200119,2020-01-19,1 4 19 25 35 39,
20200117,2020-01-17,8 26 28 37 40 42,
20200115,2020-01-15,2 8 19 31 38 44,
20200112,2020-01-12,7 12 17 21 35 45,
20200110,2020-01-10,10 18 24 35 41 43,
20200108,2020-01-08,2 4 10 21 25 43,
20200105,2020-01-05,5 11 12 26 44 45,
20200103,2020-01-03,1 15 17 26 32 44,
20200101,2020-01-01,8 10 23 26 37 38,
20191229,2019-12-29,7 12 21 24 35 43,
20191227,2019-12-27,2 7 10 12 33 43,
20191225,2019-12-25,10 18 25 26 36 43,
20191222,2019-12-22,9 10 11 18 22 36,
20191220,2019-12-20,1 9 16 27 38 45,
20191218,2019-12-18,8 9 12 19 22 25,
20191215,2019-12-15,3 13 15 16 22 36,
20191213,2019-12-13,2 8 9 25 26 40,
20191211,2019-12-11,1 2 8 27 29 39,
20191208,2019-12-08,12 20 30 31 34 44,
20191206,2019-12-06,2 20 26 35 43 45,
20191204,2019-12-04,16 19 24 30 32 35,
20191201,2019-12-01,3 14 16 27 31 35,
20191129,2019-11-29,14 15 16 17 19 34,
20191127,2019-11-27,3 5 13 19 20 33,
20191124,2019-11-24,5 21 24 28 29 34,
20191122,2019-11-22,1 9 10 19 30 38,
20191120,2019-11-20,10 21 22 24 43 44,
20191117,2019-11-17,6 7 14 31 39 44,
20191115,2019-11-15,2 13 27 33 40 41,
20191113,2019-11-13,17 19 24 30 31 40,
20191110,2019-11-10,4 14 21 28 32 36,
20191108,2019-11-08,4 16 19 30 32 44,
20191106,2019-11-06,3 15 22 23 38 43,
20191103,2019-11-03,28 30 32 38 44 45,
20191101,2019-11-01,6 11 20 30 37 40,
20191030,2019-10-30,2 5 8 12 29 38,
20191027,2019-10-27,1 19 29 30 40 42,
20191025,2019-10-25,4 7 9 22 32 37,
20191023,2019-10-23,2 9 21 23 32 41,
20191020,2019-10-20,1 3 8 15 38 40,
20191018,2019-10-18,4 14 15 22 28 39,
20191016,2019-10-16,1 4 23 28 41 42,
20191013,2019-10-13,6 22 28 31 37 40,
20191011,2019-10-11,6 12 14 27 28 36,
20191009,2019-10-09,3 12 21 24 28 32,
20191006,2019-10-06,1 6 17 30 44 45,
20191004,2019-10-04,2 9 24 25 30 36,
20191002,2019-10-02,2 6 7 25 28 41,
20190929,2019-09-29,2 9 12 18 21 23,
20190927,2019-09-27,6 9 11 28 37 44,
20190925,2019-09-25,9 14 22 26 44 45,
20190922,2019-09-22,3 6 21 36 38 39,
20190920,2019-09-20,7 12 24 29 31 45,
20190918,2019-09-18,3 9 13 17 19 20,
20190915,2019-09-15,8 9 28 33 35 43,
20190913,2019-09-13,2 15 17 25 30 38,
20190911,2019-09-11,21 25 29 32 34 35,
20190908,2019-09-08,6 9 11 26 28 36,
20190906,2019-09-06,2 4 13 15 26 31,
20190904,2019-09-04,1 9 11 23 30 37,
20190901,2019-09-01,5 7 14 16 29 40,
20190830,2019-08-30,5 6 22 23 25 44,
20190828,2019-08-28,1 4 12 14 19 30,
20190825,2019-08-25,7 8 15 20 24 31,
20190823,2019-08-23,6 7 12 17 19 24,
20190821,2019-08-21,6 8 17 20 21 31,
20190818,2019-08-18,2 7 18 21 24 33,
20190816,2019-08-16,6 14 15 19 31 39,
20190814,2019-08-14,13 20 22 24 33 34,
20190811,2019-08-11,1 4 7 9 25 31,
20190809,2019-08-09,11 19 26 28 30 42,
20190807,2019-08-07,1 5 13 31 32 43,
20190804,2019-08-04,6 10 21 30 43 45,
20190802,2019-08-02,11 18 20 22 25 26,
20190731,2019-07-31,6 12 15 19 25 45,
20190728,2019-07-28,5 14 16 24 42 43,
20190726,2019-07-26,5 14 16 22 25 33,
20190724,2019-07-24,20 22 25 39 44 45,
20190721,2019-07-21,7 8 10 24 33 44,
20190719,2019-07-19,9 12 23 26 28 43,
20190717,2019-07-17,10 11 16 22 28 35,
20190714,2019-07-14,2 3 7 25 33 34,
20190712,2019-07-12,16 18 24 26 40 44,
20190710,2019-07-10,1 2 6 7 16 27,
20190707,2019-07-07,2 18 21 23 30 31,
20190705,2019-07-05,19 21 30 31 37 43,
20190703,2019-07-03,2 7 25 29 39 45,
20190630,2019-06-30,5 20 22 25 28 32,
20190628,2019-06-28,11 25 37 40 41 45,
20190626,2019-06-26,1 5 9 10 33 41,
20190623,2019-06-23,3 8 11 27 32 36,
20190621,2019-06-21,1 4 19 21 23 39,
20190619,2019-06-19,2 4 11 15 35 40,
20190616,2019-06-16,6 7 19 29 31 36,
20190614,2019-06-14,2 12 16 36 37 45,
20190612,2019-06-12,10 11 21 23 26 37,
20190609,2019-06-09,2 6 22 25 35 36,
20190607,2019-06-07,11 13 15 26 27 41,
20190605,2019-06-05,4 8 22 25 37 39,
20190602,2019-06-02,2 5 12 35 41 43,
20190531,2019-05-31,5 6 7 12 23 30,
20190529,2019-05-29,12 18 19 27 35 42,
20190526,2019-05-26,11 12 14 23 29 32,
20190524,2019-05-24,2 3 31 33 35 40,
20190522,2019-05-22,1 13 16 22 23 35,
20190519,2019-05-19,2 11 19 27 30 42,
20190517,2019-05-17,6 16 18 29 39 43,
20190515,2019-05-15,17 28 29 33 34 35,
20190512,2019-05-12,1 8 13 17 21 43,
20190510,2019-05-10,5 23 25 30 35 38,
20190508,2019-05-08,1 7 8 31 34 45,
20190505,2019-05-05,13 27 30 38 39 41,
20190503,2019-05-03,1 6 14 31 35 44,
20190501,2019-05-01,18 23 24 27 33 41,
20190428,2019-04-28,4 24 28 30 33 43,
20190426,2019-04-26,1 2 14 15 16 30,
20190424,2019-04-24,4 7 12 13 20 45,
20190421,2019-04-21,8 11 13 20 41 43,
20190418,2019-04-18,1 4 5 12 17 21,
20190417,2019-04-17,7 11 21 25 30 44,
20190414,2019-04-14,4 13 20 34 35 37,
20190412,2019-04-12,3 12 15 16 17 44,
20190410,2019-04-10,7 11 14 30 35 42,
20190407,2019-04-07,8 10 26 28 32 34,
20190405,2019-04-05,2 7 25 36 38 43,
20190403,2019-04-03,4 11 18 33 34 45,
20190331,2019-03-31,3 5 19 28 31 38,
20190329,2019-03-29,2 19 26 27 30 37,
20190327,2019-03-27,9 12 22 24 30 42,
20190324,2019-03-24,5 17 21 27 34 40,
20190322,2019-03-22,1 3 6 13 18 41,
20190320,2019-03-20,2 7 17 24 29 37,
20190317,2019-03-17,5 6 16 18 24 42,
20190315,2019-03-15,5 10 15 19 38 42,
20190313,2019-03-13,5 16 24 26 34 44,
20190310,2019-03-10,5 24 31 32 42 45,
20190308,2019-03-08,4 14 20 27 32 43,
20190306,2019-03-06,2 7 14 24 40 41,
20190303,2019-03-03,1 13 17 20 30 45,
20190301,2019-03-01,15 23 29 31 38 43,
20190227,2019-02-27,5 12 15 16 25 35,
20190224,2019-02-24,1 7 13 23 32 42,
20190222,2019-02-22,7 10 18 25 44 45,
20190220,2019-02-20,1 10 15 24 37 45,
20190217,2019-02-17,11 12 14 25 29 31,
20190215,2019-02-15,3 22 26 27 30 44,
20190213,2019-02-13,5 11 18 33 37 41,
20190210,2019-02-10,1 11 17 25 29 35,
20190208,2019-02-08,11 12 33 36 39 43,
20190206,2019-02-06,22 24 25 30 33 38,
20190203,2019-02-03,1 2 5 9 23 24,
20190201,2019-02-01,3 4 6 38 39 43,
20190130,2019-01-30,1 4 6 13 37 41,
20190127,2019-01-27,9 11 12 22 27 29,
20190125,2019-01-25,11 13 14 22 30 38,
20190123,2019-01-23,2 9 13 29 33 40,
20190120,2019-01-20,8 16 21 31 35 38,
20190118,2019-01-18,12 15 19 38 40 45,
20190116,2019-01-16,1 8 14 24 31 40,
20190113,2019-01-13,1 20 21 23 26 33,
20190111,2019-01-11,19 21 22 23 25 44,
20190109,2019-01-09,17 27 28 30 33 41,
20190106,2019-01-06,9 22 33 34 35 44,
20190104,2019-01-04,1 8 14 16 19 22,
20190102,2019-01-02,4 14 32 35 36 40,
20181230,2018-12-30,10 19 31 35 42 44,
20181228,2018-12-28,3 22 24 25 31 37,
20181226,2018-12-26,21 28 34 35 41 44,
20181223,2018-12-23,1 3 10 11 16 44,
20181221,2018-12-21,1 7 16 27 29 34,
20181219,2018-12-19,2 10 11 32 40 44,
20181216,2018-12-16,1 14 22 26 35 42,
20181214,2018-12-14,7 16 20 26 30 34,
20181212,2018-12-12,1 3 11 15 27 30,
20181209,2018-12-09,6 8 26 34 40 41,
20181207,2018-12-07,1 6 7 22 31 39,
20181205,2018-12-05,7 28 29 39 42 45,
20181202,2018-12-02,2 4 12 23 37 45,
20181130,2018-11-30,11 18 23 25 28 35,
20181128,2018-11-28,8 13 20 21 25 28,
20181125,2018-11-25,3 5 11 18 24 29,
20181123,2018-11-23,8 10 12 21 25 40,
20181121,2018-11-21,7 9 16 19 24 33,
20181118,2018-11-18,6 27 28 30 37 44,
20181116,2018-11-16,4 12 18 21 25 41,
20181114,2018-11-14,12 14 24 26 30 40,
20181111,2018-11-11,20 23 26 27 32 34,
20181109,2018-11-09,6 18 28 32 34 35,
20181107,2018-11-07,6 18 22 25 31 37,
20181104,2018-11-04,7 12 13 17 25 30,
20181102,2018-11-02,4 6 11 18 24 25,
20181031,2018-10-31,17 22 26 30 33 35,
20181028,2018-10-28,9 18 19 20 31 45,
20181026,2018-10-26,2 18 31 33 36 41,
20181024,2018-10-24,6 26 34 35 39 42,
20181021,2018-10-21,6 22 24 28 30 37,
20181019,2018-10-19,2 14 30 38 39 45,
20181017,2018-10-17,1 12 14 36 39 43,
20181014,2018-10-14,7 8 9 34 40 43,
20181012,2018-10-12,11 12 20 26 28 42,
20181010,2018-10-10,18 19 22 28 41 42,
20181007,2018-10-07,14 18 31 34 39 44,
20181005,2018-10-05,4 12 17 29 35 44,
20181003,2018-10-03,6 12 19 21 25 45,
20180930,2018-09-30,1 20 24 36 43 45,
20180928,2018-09-28,2 6 11 13 15 38,
20180926,2018-09-26,12 19 27 39 42 45,
20180923,2018-09-23,18 27 32 35 41 44,
20180921,2018-09-21,1 3 11 14 23 29,
20180919,2018-09-19,10 20 22 24 27 42,
20180916,2018-09-16,3 13 17 18 23 34,
20180914,2018-09-14,12 16 17 18 26 34,
20180912,2018-09-12,11 12 13 16 29 31,
20180909,2018-09-09,8 14 18 21 44 45,
20180907,2018-09-07,8 10 11 28 42 45,
20180905,2018-09-05,5 6 22 27 34 37,
20180902,2018-09-02,10 12 13 22 26 40,
20180831,2018-08-31,11 19 30 36 38 40,
20180829,2018-08-29,16 17 24 28 30 36,
20180826,2018-08-26,1 3 11 12 22 36,
20180824,2018-08-24,3 22 25 29 33 40,
20180822,2018-08-22,15 17 18 33 34 44,
20180819,2018-08-19,16 18 28 36 37 45,
20180817,2018-08-17,3 8 22 28 33 42,
20180815,2018-08-15,12 24 25 33 40 44,
20180812,2018-08-12,5 16 17 28 31 38,
20180810,2018-08-10,18 22 24 29 41 45,
20180808,2018-08-08,19 34 37 39 41 44,
20180805,2018-08-05,7 10 18 31 39 43,
20180803,2018-08-03,3 8 10 24 27 28,
20180801,2018-08-01,5 6 29 30 37 38,
20180729,2018-07-29,26 31 32 37 43 45,
20180727,2018-07-27,2 21 32 37 38 42,
20180725,2018-07-25,9 16 18 38 41 45,
20180722,2018-07-22,8 9 24 27 40 45,
20180720,2018-07-20,13 14 16 19 20 23,
20180718,2018-07-18,8 10 14 19 26 34,
20180715,2018-07-15,7 15 20 29 31 38,
20180713,2018-07-13,3 8 9 25 27 28,
20180711,2018-07-11,12 26 28 29 39 43,
20180708,2018-07-08,2 7 8 10 28 44,
20180706,2018-07-06,22 26 33 34 38 42,
20180704,2018-07-04,2 3 27 28 34 43,
20180701,2018-07-01,4 7 15 28 34 37,
20180629,2018-06-29,6 18 22 24 36 39,
20180627,2018-06-27,25 27 29 33 37 38,
20180624,2018-06-24,6 8 23 32 33 41,
20180622,2018-06-22,15 19 20 26 34 39,
20180620,2018-06-20,2 18 22 30 32 43,
20180617,2018-06-17,3 5 6 7 34 40,
20180615,2018-06-15,8 11 13 23 24 28,
20180613,2018-06-13,2 4 17 24 31 40,
20180610,2018-06-10,22 25 35 36 38 39,
20180608,2018-06-08,4 13 32 35 40 42,
20180606,2018-06-06,6 20 22 26 43 44,
20180603,2018-06-03,18 20 24 40 42 45,
20180601,2018-06-01,6 14 19 38 43 44,
20180530,2018-05-30,2 17 19 27 31 36,
20180527,2018-05-27,5 9 17 18 19 22,
20180525,2018-05-25,5 14 22 26 29 39,
20180523,2018-05-23,13 16 25 34 37 41,
20180520,2018-05-20,18 19 25 26 29 39,
20180518,2018-05-18,3 18 24 29 30 35,
20180516,2018-05-16,10 21 23 25 35 38,
20180513,2018-05-13,6 11 16 18 27 41,
20180511,2018-05-11,10 11 26 29 33 38,
20180509,2018-05-09,9 15 20 30 31 33,
20180506,2018-05-06,11 26 28 34 36 37,
20180504,2018-05-04,9 18 25 26 27 29,
20180502,2018-05-02,10 11 22 29 37 40,
20180429,2018-04-29,3 10 22 23 25 43,
20180427,2018-04-27,10 20 24 27 28 29,
20180425,2018-04-25,4 15 17 23 29 43,
20180422,2018-04-22,6 7 22 32 36 39,
20180420,2018-04-20,6 9 14 30 33 42,
20180418,2018-04-18,6 16 28 29 39 44,
20180415,2018-04-15,3 9 13 20 30 34,
20180413,2018-04-13,11 22 24 33 38 43,
20180411,2018-04-11,7 20 23 25 26 39,
20180408,2018-04-08,2 5 11 16 30 34,
20180406,2018-04-06,1 7 8 9 36 40,
20180404,2018-04-04,2 3 6 16 41 44,
20180401,2018-04-01,4 12 24 33 39 43,
20180330,2018-03-30,7 11 18 28 34 43,
20180328,2018-03-28,12 18 31 34 35 42,
20180325,2018-03-25,4 10 13 22 38 42,
20180323,2018-03-23,3 6 12 22 26 35,
20180321,2018-03-21,6 19 38 40 41 44,
20180318,2018-03-18,14 21 24 28 31 40,
20180316,2018-03-16,6 8 13 17 20 34,
20180314,2018-03-14,12 21 23 27 31 34,
20180311,2018-03-11,1 14 19 26 41 42,
20180309,2018-03-09,5 10 13 19 25 44,
20180307,2018-03-07,8 19 25 31 37 40,
20180304,2018-03-04,4 11 19 25 32 40,
20180302,2018-03-02,3 7 15 27 41 45,
20180228,2018-02-28,17 19 21 23 36 40,
20180225,2018-02-25,8 10 12 29 30 42,
20180223,2018-02-23,5 16 19 23 29 37,
20180221,2018-02-21,18 23 24 26 29 33,
20180218,2018-02-18,1 5 14 16 36 38,
20180214,2018-02-14,12 31 32 34 35 43,
20180211,2018-02-11,5 19 27 32 41 45,
20180209,2018-02-09,2 10 14 19 23 37,
20180207,2018-02-07,5 7 18 26 30 36,
20180204,2018-02-04,1 5 13 27 40 45,
20180202,2018-02-02,2 7 14 28 42 45,
20180131,2018-01-31,4 7 9 10 30 40,
20180128,2018-01-28,12 26 27 33 36 37,
20180126,2018-01-26,1 9 18 28 36 44,
20180124,2018-01-24,5 6 24 33 42 45,
20180121,2018-01-21,1 10 11 24 32 37,
20180119,2018-01-19,2 4 27 28 31 36,
20180117,2018-01-17,9 10 12 22 27 41,
20180114,2018-01-14,1 6 10 29 32 41,
20180112,2018-01-12,4 8 17 23 27 34,
20180110,2018-01-10,6 18 21 22 37 45,
20180107,2018-01-07,4 6 11 13 24 31,
20180105,2018-01-05,19 30 34 38 42 44,
20180103,2018-01-03,8 14 19 30 33 35,
20171231,2017-12-31,3 13 14 26 30 34,
20171229,2017-12-29,2 8 17 20 29 39,
20171227,2017-12-27,9 13 19 21 27 30,
20171224,2017-12-24,1 5 9 14 30 31,
20171222,2017-12-22,9 13 17 22 26 33,
20171220,2017-12-20,3 8 25 37 40 42,
20171217,2017-12-17,4 7 16 27 40 41,
20171215,2017-12-15,13 14 17 24 28 43,
20171213,2017-12-13,4 7 19 24 32 38,
20171210,2017-12-10,27 36 39 43 44 45,
20171208,2017-12-08,2 11 15 32 40 44,
20171206,2017-12-06,3 7 29 31 34 43,
20171203,2017-12-03,8 9 15 18 27 30,
20171201,2017-12-01,10 19 30 35 39 45,
20171129,2017-11-29,19 23 26 37 38 41,
20171126,2017-11-26,4 12 17 19 23 34,
20171124,2017-11-24,14 24 32 34 36 45,
20171122,2017-11-22,5 6 9 23 27 35,
20171119,2017-11-19,14 20 30 33 41 43,
20171117,2017-11-17,11 13 18 19 31 45,
20171115,2017-11-15,1 9 15 27 33 43,
20171112,2017-11-12,22 26 37 40 42 44,
20171110,2017-11-10,1 4 19 21 24 35,
20171108,2017-11-08,1 18 23 24 40 41,
20171105,2017-11-05,3 17 38 39 41 44,
20171103,2017-11-03,7 17 20 22 29 44,
20171101,2017-11-01,4 12 25 39 42 44,
20171029,2017-10-29,1 5 28 31 44 45,
20171027,2017-10-27,4 10 13 21 22 38,
20171025,2017-10-25,12 17 23 25 34 38,
20171022,2017-10-22,8 14 16 17 31 42,
20171020,2017-10-20,2 18 25 33 36 42,
20171018,2017-10-18,16 24 32 36 37 40,
20171015,2017-10-15,2 9 14 21 35 40,
20171013,2017-10-13,10 13 20 21 25 36,
20171011,2017-10-11,4 11 14 15 19 26,
20171008,2017-10-08,8 16 24 27 35 39,
20171006,2017-10-06,4 6 18 20 30 45,
20171004,2017-10-04,4 5 9 19 37 44,
20171001,2017-10-01,8 23 27 36 37 43,
20170929,2017-09-29,23 28 30 35 37 42,
20170927,2017-09-27,10 19 33 34 35 45,
20170924,2017-09-24,4 10 11 31 36 39,
20170922,2017-09-22,5 16 21 31 37 41,
20170920,2017-09-20,5 7 13 17 23 33,
20170917,2017-09-17,6 11 15 16 37 40,
20170915,2017-09-15,3 24 35 37 40 43,
20170913,2017-09-13,3 8 19 35 38 40,
20170910,2017-09-10,1 22 23 35 36 42,
20170908,2017-09-08,2 15 17 32 41 44,
20170906,2017-09-06,5 20 24 32 36 42,
20170903,2017-09-03,5 6 26 28 35 43,
20170901,2017-09-01,9 10 13 19 23 41,
20170830,2017-08-30,5 8 11 28 35 41,
20170827,2017-08-27,3 7 16 32 36 39,
20170825,2017-08-25,2 7 12 27 40 44,
20170823,2017-08-23,6 25 27 34 42 43,
20170820,2017-08-20,5 15 18 21 37 45,
20170818,2017-08-18,3 4 18 22 34 37,
20170816,2017-08-16,6 11 15 19 22 41,
20170813,2017-08-13,1 3 6 7 16 18,
20170811,2017-08-11,1 12 19 35 36 41,
20170809,2017-08-09,11 19 22 24 25 31,
20170806,2017-08-06,2 9 10 11 21 43,
20170804,2017-08-04,3 12 13 23 26 37,
20170802,2017-08-02,7 10 17 26 28 43,
20170730,2017-07-30,8 17 24 35 41 44,
20170728,2017-07-28,1 4 9 26 35 39,
20170726,2017-07-26,9 26 27 30 40 44,
20170723,2017-07-23,7 9 13 21 28 39,
20170721,2017-07-21,5 6 9 15 19 32,
20170719,2017-07-19,4 7 13 20 35 44,
20170716,2017-07-16,2 10 27 29 37 39,
20170714,2017-07-14,2 13 19 24 25 33,
20170712,2017-07-12,5 9 14 15 26 42,
20170709,2017-07-09,1 9 14 18 25 28,
20170707,2017-07-07,4 19 22 30 34 35,
20170705,2017-07-05,1 4 16 31 37 40,
20170702,2017-07-02,1 5 7 16 19 44,
20170630,2017-06-30,1 7 10 38 40 42,
20170628,2017-06-28,2 6 21 28 39 40,
20170625,2017-06-25,3 14 33 38 42 44,
20170623,2017-06-23,9 10 21 37 40 42,
20170621,2017-06-21,9 26 29 30 35 37,
20170618,2017-06-18,2 8 12 14 16 26,
20170616,2017-06-16,6 10 17 21 27 38,
20170614,2017-06-14,5 8 15 25 31 35,
20170611,2017-06-11,5 6 11 14 32 33,
20170609,2017-06-09,7 15 19 24 32 42,
20170607,2017-06-07,5 6 13 29 35 44,
20170604,2017-06-04,1 9 23 32 34 35,
20170602,2017-06-02,5 13 16 32 39 41,
20170531,2017-05-31,7 13 16 30 37 44,
20170528,2017-05-28,2 7 17 24 31 44,
20170526,2017-05-26,6 8 25 39 40 45,
20170524,2017-05-24,8 20 25 27 30 33,
20170521,2017-05-21,11 14 17 22 27 42,
20170519,2017-05-19,1 8 18 28 30 33,
20170517,2017-05-17,7 8 11 18 23 42,
20170514,2017-05-14,13 15 17 21 25 40,
20170512,2017-05-12,1 27 35 42 43 45,
20170510,2017-05-10,7 17 21 29 40 44,
20170507,2017-05-07,1 7 28 32 44 45,
20170505,2017-05-05,4 9 12 32 36 43,
20170503,2017-05-03,3 19 20 21 25 45,
20170430,2017-04-30,2 6 8 11 12 25,
20170428,2017-04-28,2 9 11 12 15 23,
20170426,2017-04-26,14 16 17 20 35 39,
20170423,2017-04-23,13 17 22 30 31 43,
20170421,2017-04-21,7 8 15 30 32 39,
20170419,2017-04-19,19 20 32 33 38 44,
20170416,2017-04-16,6 7 18 29 32 44,
20170414,2017-04-14,4 5 10 33 36 38,
20170412,2017-04-12,2 3 8 13 19 41,
20170409,2017-04-09,5 8 21 25 26 37,
20170407,2017-04-07,4 5 16 17 32 40,
20170405,2017-04-05,13 14 20 21 23 33,
20170402,2017-04-02,3 5 7 12 27 33,
20170331,2017-03-31,1 4 5 11 20 30,
20170329,2017-03-29,4 5 24 26 28 37,
20170326,2017-03-26,6 12 23 25 29 43,
20170324,2017-03-24,10 14 30 32 37 42,
20170322,2017-03-22,1 9 24 28 33 36,
20170319,2017-03-19,1 2 6 12 31 36,
20170317,2017-03-17,7 12 24 43 44 45,
20170315,2017-03-15,3 9 10 31 32 40,
20170312,2017-03-12,6 11 30 32 35 42,
20170310,2017-03-10,4 9 21 27 38 44,
20170308,2017-03-08,5 11 14 20 32 42,
20170305,2017-03-05,18 21 24 26 39 45,
20170303,2017-03-03,2 4 13 22 23 41,
20170301,2017-03-01,3 4 26 30 35 44,
20170226,2017-02-26,7 11 16 19 38 39,
20170224,2017-02-24,2 4 19 23 44 45,
20170222,2017-02-22,1 3 8 18 28 42,
20170219,2017-02-19,1 17 24 25 33 35,
20170217,2017-02-17,12 15 25 27 37 41,
20170215,2017-02-15,4 16 19 27 29 30,
20170212,2017-02-12,4 6 12 21 23 28,
20170210,2017-02-10,2 6 10 13 20 28,
20170208,2017-02-08,15 26 29 32 34 38,
20170205,2017-02-05,1 11 26 29 34 40,
20170203,2017-02-03,8 17 31 32 33 39,
20170201,2017-02-01,2 10 11 18 22 33,
20170129,2017-01-29,5 13 21 27 29 45,
20170125,2017-01-25,6 9 14 18 28 30,
20170122,2017-01-22,1 20 21 22 26 29,
20170120,2017-01-20,1 11 31 32 34 37,
20170118,2017-01-18,11 22 26 28 35 43,
20170115,2017-01-15,5 25 27 29 31 43,
20170113,2017-01-13,12 24 29 32 37 39,
20170111,2017-01-11,2 8 21 29 37 45,
20170108,2017-01-08,12 18 29 32 39 45,
20170106,2017-01-06,22 30 34 36 43 45,
20170104,2017-01-04,4 19 25 27 29 31,
20170101,2017-01-01,9 18 24 33 36 39,
20161230,2016-12-30,7 23 27 29 35 37,
20161228,2016-12-28,2 22 25 33 38 43,
20161225,2016-12-25,5 12 20 29 34 36,
20161223,2016-12-23,1 17 24 25 37 43,
20161221,2016-12-21,3 6 12 14 18 40,
20161218,2016-12-18,3 7 30 32 41 43,
20161216,2016-12-16,5 8 33 34 39 44,
20161214,2016-12-14,5 6 12 16 26 30,
20161211,2016-12-11,2 3 4 5 22 24,
20161209,2016-12-09,11 12 15 17 21 26,
20161207,2016-12-07,13 23 27 28 32 45,
20161204,2016-12-04,3 5 13 27 38 44,
20161202,2016-12-02,17 26 33 34 37 42,
20161130,2016-11-30,6 15 17 20 23 41,
20161127,2016-11-27,12 16 17 18 22 30,
20161125,2016-11-25,3 4 25 31 37 40,
20161123,2016-11-23,2 22 23 24 28 37,
20161120,2016-11-20,9 23 33 38 41 42,
20161118,2016-11-18,11 12 16 24 26 31,
20161116,2016-11-16,1 9 17 28 43 44,
20161113,2016-11-13,11 23 25 34 36 45,
20161111,2016-11-11,10 17 22 23 30 36,
20161109,2016-11-09,2 10 14 24 25 30,
20161106,2016-11-06,4 15 16 20 26 41,
20161104,2016-11-04,5 13 22 24 28 32,
20161102,2016-11-02,3 5 8 10 13 22,
20161030,2016-10-30,7 12 25 28 40 44,
20161028,2016-10-28,10 11 13 14 16 38,
20161026,2016-10-26,1 8 16 18 21 28,
20161023,2016-10-23,2 5 12 21 22 40,
20161021,2016-10-21,16 17 30 32 34 38,
20161019,2016-10-19,2 13 15 17 18 41,
20161016,2016-10-16,5 21 31 33 38 42,
20161014,2016-10-14,3 7 9 18 28 39,
20161012,2016-10-12,2 8 15 16 19 25,
20161009,2016-10-09,2 15 20 32 33 44,
20161007,2016-10-07,24 25 27 34 44 45,
20161005,2016-10-05,5 6 19 31 42 44,
20161002,2016-10-02,16 23 27 34 35 38,
20160930,2016-09-30,6 20 30 38 40 45,
20160928,2016-09-28,3 6 17 21 32 40,
20160925,2016-09-25,1 20 28 32 42 44,
20160923,2016-09-23,8 14 19 29 30 40,
20160921,2016-09-21,5 12 15 30 37 41,
20160918,2016-09-18,7 10 17 20 25 32,
20160916,2016-09-16,4 5 6 23 31 34,
20160914,2016-09-14,2 11 14 23 25 32,
20160911,2016-09-11,6 9 10 18 20 31,
20160909,2016-09-09,7 13 16 18 31 32,
20160907,2016-09-07,6 8 12 13 15 19,
20160904,2016-09-04,11 15 20 24 27 45,
20160902,2016-09-02,9 13 24 35 36 41,
20160831,2016-08-31,8 20 21 31 34 39,
20160828,2016-08-28,4 6 10 15 16 44,
20160826,2016-08-26,10 36 39 43 44 45,
20160824,2016-08-24,8 17 21 23 36 40,
20160821,2016-08-21,13 21 24 25 29 44,
20160819,2016-08-19,11 12 17 33 34 36,
20160817,2016-08-17,2 4 9 19 21 26,
20160814,2016-08-14,13 16 17 29 31 37,
20160812,2016-08-12,28 31 34 37 38 41,
20160810,2016-08-10,6 15 16 19 27 30,
20160807,2016-08-07,3 5 17 22 30 31,
